indicator, indicator.label, indicator.sort
"POP_2LDR_NOC_RT","Labour dependency ratio -- ILO modelled estimates, Nov. 2020",1
"POP_2POP_SEX_AGE_NB","Population by sex and age -- UN estimates and projections, Nov. 2020 (thousands)",2
"POP_2POP_SEX_AGE_GEO_NB","Population by sex, age and rural / urban areas -- UN estimates, Nov. 2020 (thousands)",3
"POP_2POP_GEO_NB","Population by rural / urban areas -- UN estimates and projections, Nov. 2020 (thousands)",4
"EAP_2EAP_SEX_AGE_NB","Labour force by sex and age -- ILO modelled estimates, Nov. 2020 (thousands)",5
"EAP_2EAP_SEX_AGE_GEO_NB","Labour force by sex, age and rural / urban areas -- ILO modelled estimates, Nov. 2020 (thousands)",6
"EAP_2MDN_SEX_NB","Median age of the labour force by sex -- ILO modelled estimates, Nov. 2020 (years)",7
"EAP_2WAP_SEX_AGE_RT","Labour force participation rate by sex and age -- ILO modelled estimates, Nov. 2020 (%)",8
"EAP_2WAP_SEX_AGE_GEO_RT","Labour force participation rate by sex, age and rural / urban areas -- ILO modelled estimates, Nov. 2020 (%)",9
"POP_XWAP_SEX_AGE_NB","Working-age population by sex and age (thousands)",10
"POP_XWAP_SEX_AGE_EDU_NB","Working-age population by sex, age and education (thousands)",11
"POP_XWAP_SEX_AGE_GEO_NB","Working-age population by sex, age and rural / urban areas (thousands)",12
"POP_XWAP_SEX_AGE_MTS_NB","Working-age population by sex, age and marital status (thousands)",13
"POP_XWAP_SEX_MTS_NB","Working-age population by sex and marital status (thousands)",14
"POP_XWAP_SEX_EDU_GEO_NB","Working-age population by sex, education and rural / urban areas (thousands)",15
"POP_XWAP_SEX_EDU_MTS_NB","Working-age population by sex, education and marital status (thousands)",16
"POP_XWAP_SEX_DSB_NB","Working-age population by sex and disability status (thousands)",17
"GED_TWAP_HHT_NB","Prime-age population by household type",18
"EAP_TEAP_SEX_AGE_NB","Labour force by sex and age (thousands)",19
"EAP_TEAP_SEX_AGE_EDU_NB","Labour force by sex, age and education (thousands)",20
"EAP_TEAP_SEX_AGE_GEO_NB","Labour force by sex, age and rural / urban areas (thousands)",21
"EAP_TEAP_SEX_AGE_MTS_NB","Labour force by sex, age and marital status (thousands)",22
"EAP_TEAP_SEX_MTS_NB","Labour force by sex and marital status (thousands)",23
"EAP_TEAP_SEX_EDU_GEO_NB","Labour force by sex, education and rural / urban areas (thousands)",24
"EAP_TEAP_SEX_EDU_MTS_NB","Labour force by sex, education and marital status (thousands)",25
"EAP_TEAP_SEX_DSB_NB","Labour force by sex and disability status (thousands)",26
"EAP_TEAP_SEX_AGE_EDU_DT","Labour force distribution by education (by sex and age) (%)",27
"EAP_TEA1_SEX_AGE_NB","Labour force by sex and age, seasonally adjusted series (thousands)",28
"EAP_DWAP_SEX_AGE_RT","Labour force participation rate by sex and age (%)",29
"EAP_DWAP_SEX_AGE_EDU_RT","Labour force participation rate by sex, age and education (%)",30
"EAP_DWAP_SEX_AGE_GEO_RT","Labour force participation rate by sex, age and rural / urban areas (%)",31
"EAP_DWAP_SEX_AGE_MTS_RT","Labour force participation rate by sex, age and marital status (%)",32
"EAP_DWAP_SEX_MTS_RT","Labour force participation rate by sex and marital status (%)",33
"EAP_DWAP_SEX_EDU_GEO_RT","Labour force participation rate by sex, education and rural / urban areas (%)",34
"GED_PLFP_SEX_HHT_GEO_RT","Prime-age labour force participation rate by sex, household type and rural / urban areas (%)",35
"EAP_DWAP_SEX_EDU_MTS_RT","Labour force participation rate by sex, education and marital status (%)",36
"GED_PLFP_SEX_HHT_CHL_RT","Prime-age labour force participation rate by sex, household type and presence of children (%)",37
"EAP_DWA1_SEX_AGE_RT","Labour force participation rate by sex and age, seasonally adjusted series (%)",38
"POP_3WAP_SEX_AGE_GEO_NB","Youth working-age population by sex, age and rural / urban areas (thousands)",39
"POP_3WAP_SEX_AGE_EDU_NB","Youth working-age population by sex, age and education (thousands)",40
"POP_3WAP_SEX_AGE_STU_NB","Youth working-age population by sex, age and school attendance status (thousands)",41
"POP_3WAP_SEX_AGE_LMS_NB","Youth working-age population by sex, age and labour market status (thousands)",42
"POP_3STG_SEX_AGE_TRA_NB","Youth working-age population by sex, age and stages of transition (thousands)",43
"POP_3STG_SEX_GEO_TRA_NB","Youth working-age population by sex, rural / urban areas and stages of transition (thousands)",44
"POP_3STG_SEX_EDU_TRA_NB","Youth working-age population by sex, education and stages of transition (thousands)",45
"POP_3FOR_SEX_AGE_TRA_NB","Youth working-age population by sex, age and forms of transition (thousands)",46
"POP_3FOR_SEX_GEO_TRA_NB","Youth working-age population by sex, rural / urban areas and forms of transition (thousands)",47
"POP_3FOR_SEX_EDU_TRA_NB","Youth working-age population by sex, education and forms of transition (thousands)",48
"EAP_3EAP_SEX_AGE_GEO_NB","Youth labour force by sex, age and rural / urban areas (thousands)",49
"EAP_3EAP_SEX_AGE_EDU_NB","Youth labour force by sex, age and education (thousands)",50
"EAP_3EAP_SEX_AGE_STU_NB","Youth labour force by sex, age and school attendance status (thousands)",51
"EAP_3WAP_SEX_AGE_GEO_RT","Youth labour force participation rate by sex, age and rural / urban areas (%)",52
"EAP_3WAP_SEX_AGE_EDU_RT","Youth labour force participation rate by sex, age and education (%)",53
"EAP_3WAP_SEX_AGE_STU_RT","Youth labour force participation rate by sex, age and school attendance status (%)",54
"EMP_TEMP_SEX_OCU_INS_NB","Employment by sex, occupation and institutional sector (thousands)",55
"EMP_TEMP_SEX_ECO_EDU_NB","Employment by sex, economic activity and education (thousands)",56
"SDG_0111_SEX_AGE_RT","SDG indicator 1.1.1 - Working poverty rate (percentage of employed living below US$1.90 PPP) (%)",57
"SDG_0552_OCU_RT","SDG indicator 5.5.2 - Female share of employment in managerial positions (%)",58
"SDG_0831_SEX_ECO_RT","SDG indicator 8.3.1 - Proportion of informal employment in total employment by sex and sector (%)",59
"SDG_0922_NOC_RT","SDG indicator 9.2.2 - Manufacturing employment as a proportion of total employment (%)",60
"EMP_2EMP_SEX_AGE_NB","Employment by sex and age -- ILO modelled estimates, Nov. 2020 (thousands)",61
"EMP_2EMP_SEX_AGE_GEO_NB","Employment by sex, age and rural / urban areas -- ILO modelled estimates, Nov. 2020 (thousands)",62
"EMP_2EMP_SEX_STE_NB","Employment by sex and status in employment -- ILO modelled estimates, Nov. 2020 (thousands)",63
"EMP_2EMP_AGE_STE_NB","Employment by age and status in employment -- ILO modelled estimates, Nov. 2020 (thousands)",64
"EMP_2EMP_SEX_GEO_STE_NB","Employment by sex, rural / urban areas and status in employment -- ILO modelled estimates, Nov. 2020 (thousands)",65
"EMP_2EMP_SEX_ECO_NB","Employment by sex and economic activity -- ILO modelled estimates, Nov. 2020 (thousands)",66
"EMP_2EMP_SEX_GEO_ECO_NB","Employment by sex, rural / urban areas and economic activity -- ILO modelled estimates, Nov. 2020 (thousands)",67
"EMP_2EMP_SEX_OCU_NB","Employment by sex and occupation -- ILO modelled estimates, Nov. 2020 (thousands)",68
"EMP_2EMP_SEX_GEO_OCU_NB","Employment by sex, rural / urban areas and occupation -- ILO modelled estimates, Nov. 2020 (thousands)",69
"EMP_2EMP_SEX_AGE_CLA_NB","Employment by sex, age and economic class -- ILO modelled estimates, Nov. 2020 (thousands)",70
"EMP_2EMP_SEX_STE_DT","Employment distribution by status in employment (by sex) -- ILO modelled estimates, Nov. 2020 (%)",71
"EMP_2EMP_AGE_STE_DT","Employment distribution by status in employment (by age) -- ILO modelled estimates, Nov. 2020 (%)",72
"EMP_2EMP_SEX_GEO_STE_DT","Employment distribution by status in employment (by sex and rural / urban areas) -- ILO modelled estimates, Nov. 2020 (%)",73
"EMP_2EMP_SEX_ECO_DT","Employment distribution by economic activity (by sex) -- ILO modelled estimates, Nov. 2020 (%)",74
"EMP_2EMP_SEX_GEO_ECO_DT","Employment distribution by economic activity (by sex and rural / urban areas) -- ILO modelled estimates, Nov. 2020 (%)",75
"EMP_2EMP_SEX_OCU_DT","Employment distribution by occupation (by sex) -- ILO modelled estimates, Nov. 2020 (%)",76
"EMP_2EMP_SEX_GEO_OCU_DT","Employment distribution by occupation (by sex and rural / urban areas) -- ILO modelled estimates, Nov. 2020 (%)",77
"EMP_2EMP_SEX_AGE_CLA_DT","Employment distribution by economic class (by sex and age) -- ILO modelled estimates, Nov. 2020 (%)",78
"EMP_2WAP_SEX_AGE_RT","Employment-to-population ratio by sex and age -- ILO modelled estimates, Nov. 2020 (%)",79
"EMP_2WAP_SEX_AGE_GEO_RT","Employment-to-population ratio by sex, age and rural / urban areas -- ILO modelled estimates, Nov. 2020 (%)",80
"EMP_TEMP_SEX_AGE_NB","Employment by sex and age (thousands)",81
"EMP_TEMP_SEX_AGE_EDU_NB","Employment by sex, age and education (thousands)",82
"EMP_TEMP_SEX_DSB_NB","Employment by sex and disability status (thousands)",83
"EMP_TEMP_SEX_AGE_GEO_NB","Employment by sex, age and rural / urban areas (thousands)",84
"EMP_TEMP_SEX_AGE_MTS_NB","Employment by sex, age and marital status (thousands)",85
"EMP_TEMP_SEX_MTS_NB","Employment by sex and marital status (thousands)",86
"EMP_TEMP_SEX_AGE_JOB_NB","Employment by sex, age and working time arrangement (thousands)",87
"EMP_TEMP_SEX_EDU_GEO_NB","Employment by sex, education and rural / urban areas (thousands)",88
"EMP_TEMP_SEX_EDU_MTS_NB","Employment by sex, education and marital status (thousands)",89
"EMP_TEMP_SEX_STE_NB","Employment by sex and status in employment (thousands)",90
"EMP_TEMP_SEX_STE_GEO_NB","Employment by sex, status in employment and rural / urban areas (thousands)",91
"EMP_TEMP_SEX_STE_MTS_NB","Employment by sex, status in employment and marital status (thousands)",92
"EMP_TEMP_SEX_AGE_STE_NB","Employment by sex, age and status in employment (thousands)",93
"EMP_TEMP_SEX_INS_NB","Employment by sex and institutional sector (thousands)",94
"EMP_TEMP_SEX_ECO_NB","Employment by sex and economic activity (thousands)",95
"EMP_TEMP_SEX_EC2_NB","Employment by sex and economic activity - ISIC level 2 (thousands)",96
"EMP_TEMP_SEX_ECO_GEO_NB","Employment by sex, economic activity and rural / urban areas (thousands)",97
"EMP_TEMP_SEX_ECO_MTS_NB","Employment by sex, economic activity and marital status (thousands)",98
"EMP_TEMP_SEX_OCU_NB","Employment by sex and occupation (thousands)",99
"EMP_TEMP_SEX_OC2_NB","Employment by sex and occupation - ISCO level 2 (thousands)",100
"EMP_TEMP_SEX_OCU_GEO_NB","Employment by sex, occupation and rural / urban areas (thousands)",101
"EMP_TEMP_SEX_OCU_MTS_NB","Employment by sex, occupation and marital status (thousands)",102
"EMP_STAT_SEX_EDU_NB","Employment by sex and 'educational mismatch', statistical approach (thousands)",103
"EMP_NORM_SEX_EDU_NB","Employment by sex and 'educational mismatch', normative approach (thousands)",104
"EMP_TEMP_SEX_HOW_NB","Employment by sex and weekly hours actually worked (thousands)",105
"EMP_TEMP_SEX_HOW_GEO_NB","Employment by sex, weekly hours actually worked and rural / urban areas (thousands)",106
"EMP_TEMP_SEX_HOW_MTS_NB","Employment by sex, weekly hours actually worked and marital status (thousands)",107
"EMP_TEMP_SEX_MJH_NB","Employment by sex and and multiple-job holding (thousands)",108
"EMP_TEMP_ECO_OCU_NB","Employment by economic activity and occupation (thousands)",109
"EMP_TEMP_SEX_STE_ECO_NB","Employment by sex, status in employment and economic activity (thousands)",110
"EMP_TEMP_SEX_STE_OCU_NB","Employment by sex, status in employment and occupation (thousands)",111
"EMP_TEM1_SEX_AGE_NB","Employment by sex and age, seasonally adjusted series (thousands)",112
"EMP_TEM1_SEX_ECO_NB","Employment by sex and economic activity, seasonally adjusted series (thousands)",113
"EMP_TEMP_SEX_AGE_EDU_DT","Employment distribution by education (by sex and age) (%)",114
"EMP_TEMP_SEX_ECO_DT","Employment distribution by economic activity (by sex) (%)",115
"EMP_TEMP_SEX_OCU_DT","Employment distribution by occupation (by sex) (%)",116
"EMP_STAT_SEX_EDU_DT","Employment distribution by sex and 'educational mismatch', Statistical approach (%)",117
"EMP_NORM_SEX_EDU_DT","Employment distribution by sex and 'educational mismatch', normative approach (%)",118
"EMP_TEMP_SEX_STE_DT","Employment distribution by status in employment (by sex) (%)",119
"EMP_TEMP_SEX_HOW_DT","Employment distribution by weekly hours actually worked (by sex) (%)",120
"EMP_TEMP_SEX_STE_GEO_DT","Employment distribution by status in employment (by sex and rural / urban areas (%)",121
"EMP_XFMG_NOC_RT","Female share of employment in senior and middle management (%)",122
"EMP_DWAP_SEX_AGE_RT","Employment-to-population ratio by sex and age (%)",123
"EMP_DWAP_SEX_AGE_EDU_RT","Employment-to-population ratio by sex, age and education (%)",124
"EMP_DWAP_SEX_AGE_GEO_RT","Employment-to-population ratio by sex, age and rural / urban areas (%)",125
"EMP_DWAP_SEX_AGE_MTS_RT","Employment-to-population ratio by sex, age and marital status (%)",126
"EMP_DWAP_SEX_MTS_RT","Employment-to-population ratio by sex and marital status (%)",127
"EMP_DWAP_SEX_EDU_GEO_RT","Employment-to-population ratio by sex, education and rural / urban areas (%)",128
"EMP_DWAP_SEX_EDU_MTS_RT","Employment-to-population ratio by sex, education and marital status (%)",129
"EMP_DWA1_SEX_AGE_RT","Employment-to-population ratio by sex and age, seasonally adjusted series (%)",130
"GED_PEPR_SEX_HHT_CHL_RT","Prime-age employment-to-population ratio by sex, household type and presence of children (%)",131
"GED_PEPR_SEX_HHT_GEO_RT","Prime-age employment-to-population ratio by sex, household type and rural / urban areas (%)",132
"EMP_PTER_SEX_RT","Incidence of part-time employment by sex -- Common definition (%)",133
"EES_TEES_SEX_INS_NB","Employees by sex and institutional sector (thousands)",134
"EES_TEES_SEX_ECO_NB","Employees by sex and economic activity (thousands)",135
"EES_TEES_SEX_EC2_NB","Employees by sex and economic activity - ISIC level 2 (thousands)",136
"EES_TEES_SEX_OCU_NB","Employees by sex and occupation (thousands)",137
"EES_TEES_SEX_OC2_NB","Employees by sex and occupation - ISCO level 2 (thousands)",138
"EES_STAT_SEX_EDU_NB","Employees by sex and 'educational mismatch', statistical approach (thousands)",139
"EES_NORM_SEX_EDU_NB","Employees by sex and 'educational mismatch', normative approach (thousands)",140
"EES_STAT_SEX_EDU_DT","Employees distribution by sex and 'educational mismatch', statistical approach (%)",141
"EES_NORM_SEX_EDU_DT","Employees distribution by sex and 'educational mismatch', normative approach (%)",142
"EES_TEES_SEX_AGE_JOB_NB","Employees by sex, age and temporary or permanent contract (thousands)",143
"EES_TEES_SEX_HOW_NB","Employees by sex and weekly hours actually worked (thousands)",144
"EES_TEES_ECO_OCU_NB","Employees by economic activity and occupation (thousands)",145
"EES_XTMP_SEX_RT","Share of temporary employees by sex (%)",146
"PSE_TPSE_GOV_NB","Public employment by sectors and sub-sectors of national accounts (thousands)",147
"POP_3TED_SEX_STE_NB","Youth transited by sex and status in employment (thousands)",148
"POP_3TED_SEX_ECO_NB","Youth transited by sex and economic activity (thousands)",149
"POP_3TED_SEX_OCU_NB","Youth transited by sex and occupation (thousands)",150
"EMP_3EMP_SEX_AGE_GEO_NB","Youth employment by sex, age and rural / urban areas (thousands)",151
"EMP_3EMP_SEX_AGE_EDU_NB","Youth employment by sex, age and education (thousands)",152
"EMP_3EMP_SEX_AGE_STU_NB","Youth employment by sex, age and school attendance status (thousands)",153
"EMP_3EMP_SEX_AGE_STE_NB","Youth employment by sex, age and status in employment (thousands)",154
"EMP_3EMP_SEX_AGE_ECO_NB","Youth employment by sex, age and economic activity (thousands)",155
"EMP_3EMP_SEX_AGE_OCU_NB","Youth employment by sex, age and occupation (thousands)",156
"EMP_3EMP_SEX_AGE_HOW_NB","Youth employment by sex, age and weekly hours actually worked (thousands)",157
"EMP_3EMP_SEX_AGE_JOB_NB","Youth employment by sex, age and working time arrangement (thousands)",158
"EMP_3WAP_SEX_AGE_GEO_RT","Youth employment-to-population ratio by sex, age and rural / urban areas (%)",159
"EMP_3WAP_SEX_AGE_EDU_RT","Youth employment-to-population ratio by sex, age and education (%)",160
"EMP_3WAP_SEX_AGE_STU_RT","Youth employment-to-population ratio by sex, age and school attendance status (%)",161
"EES_3EES_SEX_AGE_JOB_NB","Youth employees by sex, age and type of job contract (thousands)",162
"EMP_NIFL_SEX_NB","Informal employment by sex (thousands)",163
"EMP_NIFL_SEX_ECO_NB","Informal employment by sex and economic activity (thousands)",164
"EMP_NIFL_SEX_AGE_NB","Informal employment by sex and age (thousands)",165
"EMP_NIFL_SEX_STE_NB","Informal employment by sex and status in employment (thousands)",166
"EMP_PIFL_SEX_NB","Employment outside the formal sector by sex (thousands)",167
"EMP_PIFL_SEX_ECO_NB","Employment outside the formal sector by sex and economic activity (thousands)",168
"EMP_NIFL_SEX_RT","Informal employment rate by sex (%)",169
"EMP_NIFL_SEX_ECO_RT","Informal employment rate by sex and economic activity (%)",170
"EMP_PIFL_SEX_RT","Share of employment outside the formal sector by sex (%)",171
"EMP_PIFL_SEX_ECO_RT","Share of employment outside the formal sector by sex and economic activity (%)",172
"SDG_0852_SEX_AGE_RT","SDG indicator 8.5.2 - Unemployment rate (%)",173
"SDG_0852_SEX_DSB_RT","SDG indicator 8.5.2 - Unemployment rate by disability status (%)",174
"SDG_0861_SEX_RT","SDG indicator 8.6.1 - Proportion of youth (aged 15-24 years) not in education, employment or training (%)",175
"EMP_2TRU_SEX_AGE_NB","Time-related underemployment by sex and age -- ILO modelled estimates, Nov. 2020 (thousands)",176
"EMP_2TRU_SEX_AGE_GEO_NB","Time-related underemployment by sex, age and rural / urban areas -- ILO modelled estimates, Nov. 2020 (thousands)",177
"EMP_2TRU_SEX_AGE_RT","Time-related underemployment rate by sex and age -- ILO modelled estimates, Nov. 2020 (%)",178
"UNE_2UNE_SEX_AGE_NB","Unemployment by sex and age -- ILO modelled estimates, Nov. 2020 (thousands)",179
"UNE_2UNE_SEX_AGE_GEO_NB","Unemployment by sex, age and rural / urban areas -- ILO modelled estimates, Nov. 2020 (thousands)",180
"UNE_2EAP_SEX_AGE_RT","Unemployment rate by sex and age -- ILO modelled estimates, Nov. 2020 (%)",181
"UNE_2EAP_SEX_AGE_GEO_RT","Unemployment rate by sex, age and rural / urban areas -- ILO modelled estimates, Nov. 2020 (%)",182
"LUU_2LU2_SEX_AGE_RT","Combined rate of time-related underemployment and unemployment (LU2) by sex and age -- ILO modelled estimates, Nov. 2020 (%)",183
"LUU_2LU2_SEX_AGE_GEO_RT","Combined rate of time-related underemployment and unemployment (LU2) by sex, age and rural / urban areas -- ILO modelled estimates, Nov. 2020 (%)",184
"LUU_2LU3_SEX_AGE_RT","Combined rate of unemployment and potential labour force (LU3) by sex and age -- ILO modelled estimates, Nov. 2020 (%)",185
"LUU_2LU3_SEX_AGE_GEO_RT","Combined rate of unemployment and potential labour force (LU3) by sex, age and rural / urban areas -- ILO modelled estimates, Nov. 2020 (%)",186
"LUU_2LU4_SEX_AGE_NB","Composite measure of labour underutilization (LU4) by sex and age -- ILO modelled estimates, Nov. 2020 (thousands)",187
"LUU_2LU4_SEX_AGE_RT","Composite rate of labour underutilization (LU4) by sex and age -- ILO modelled estimates, Nov. 2020 (%)",188
"LUU_2LU4_SEX_AGE_GEO_RT","Composite rate of labour underutilization (LU4) by sex, age and rural / urban areas -- ILO modelled estimates, Nov. 2020 (%)",189
"EIP_2PLF_SEX_AGE_NB","Potential labour force by sex and age -- ILO modelled estimates, Nov. 2020 (thousands)",190
"EIP_2PLF_SEX_AGE_GEO_NB","Potential labour force by sex, age and rural / urban areas -- ILO modelled estimates, Nov. 2020 (thousands)",191
"EIP_2PLF_SEX_AGE_RT","Potential labour force rate by sex and age -- ILO modelled estimates, Nov. 2020 (%)",192
"EIP_2EIP_SEX_AGE_NB","Persons outside the labour force by sex and age -- ILO modelled estimates, Nov. 2020 (thousands)",193
"EIP_2EET_SEX_NB","Youth not in employment, education or training (NEET) by sex -- ILO modelled estimates, Nov. 2020 (thousands)",194
"EIP_2EET_SEX_GEO_NB","Youth not in employment, education or training (NEET) by sex and rural / urban areas -- ILO modelled estimates, Nov. 2020 (thousands)",195
"EIP_2WAP_SEX_AGE_RT","Inactivity rate by sex and age -- ILO modelled estimates, Nov. 2020 (%)",196
"EIP_2WAP_SEX_AGE_GEO_RT","Inactivity rate by sex, age and rural / urban areas -- ILO modelled estimates, Nov. 2020 (%)",197
"EIP_2EET_SEX_RT","Share of youth not in employment, education or training (NEET) by sex -- ILO modelled estimates, Nov. 2020 (%)",198
"EIP_2EET_SEX_GEO_RT","Share of youth not in employment, education or training (NEET) by sex and rural / urban areas-- ILO modelled estimates, Nov. 2020 (%)",199
"GED_XLU1_SEX_HHT_CHL_RT","Prime-age unemployment rate by sex, household type and presence of children (%)",200
"GED_XLU1_SEX_HHT_GEO_RT","Prime-age unemployment rate by sex, household type and rural / urban areas (%)",201
"GED_XLU2_SEX_HHT_CHL_RT","Prime-age combined rate of time-related underemployment and unemployment (LU2) by sex, household type and presence of children (%)",202
"GED_XLU2_SEX_HHT_GEO_RT","Prime-age combined rate of time-related underemployment and unemployment (LU2) by sex, household type and rural / urban areas (%)",203
"GED_XLU3_SEX_HHT_CHL_RT","Prime-age combined rate of unemployment and potential labour force (LU3) by sex, household type and presence of children (%)",204
"GED_XLU3_SEX_HHT_GEO_RT","Prime-age combined rate of unemployment and potential labour force (LU3) by sex, household type and rural / urban areas (%)",205
"GED_XLU4_SEX_HHT_CHL_RT","Prime-age composite rate of labour underutilization (LU4) by sex, household type and presence of children (%)",206
"GED_XLU4_SEX_HHT_GEO_RT","Prime-age composite rate of labour underutilization (LU4) by sex, household type and rural / urban areas (%)",207
"TRU_TTRU_SEX_AGE_NB","Time-related underemployment by sex and age (thousands)",208
"TRU_TTRU_SEX_AGE_GEO_NB","Time-related underemployment by sex, age and rural / urban areas (thousands)",209
"TRU_TTRU_SEX_AGE_MTS_NB","Time-related underemployment by sex, age and marital status (thousands)",210
"TRU_TTRU_SEX_EDU_GEO_NB","Time-related underemployment by sex, education and rural / urban areas (thousands)",211
"TRU_TTRU_SEX_EDU_MTS_NB","Time-related underemployment by sex, education and marital status (thousands)",212
"TRU_DEMP_SEX_AGE_RT","Time-related underemployment rate by sex and age (%)",213
"TRU_DEMP_SEX_AGE_GEO_RT","Time-related underemployment rate by sex, age and rural / urban areas (%)",214
"TRU_DEMP_SEX_AGE_MTS_RT","Time-related underemployment rate by sex, age and marital status (%)",215
"TRU_DEMP_SEX_EDU_GEO_RT","Time-related underemployment rate by sex, education and rural / urban areas (%)",216
"TRU_DEMP_SEX_EDU_MTS_RT","Time-related underemployment rate by sex, education and marital status (%)",217
"UNE_TUNE_SEX_AGE_NB","Unemployment by sex and age (thousands)",218
"UNE_TUNE_SEX_DSB_NB","Unemployment by sex and disability status (thousands)",219
"UNE_TUNE_SEX_AGE_EDU_NB","Unemployment by sex, age and education (thousands)",220
"UNE_TUNE_SEX_AGE_GEO_NB","Unemployment by sex, age and rural / urban areas (thousands)",221
"UNE_TUNE_SEX_AGE_MTS_NB","Unemployment by sex, age and marital status (thousands)",222
"UNE_TUNE_SEX_MTS_NB","Unemployment by sex and marital status (thousands)",223
"UNE_TUNE_SEX_AGE_DUR_NB","Unemployment by sex, age and duration (thousands)",224
"UNE_TUNE_SEX_DUR_GEO_NB","Unemployment by sex, duration and rural / urban areas (thousands)",225
"UNE_TUNE_SEX_DUR_MTS_NB","Unemployment by sex, duration and marital status (thousands)",226
"UNE_TUNE_SEX_EDU_GEO_NB","Unemployment by sex, education and rural / urban areas (thousands)",227
"UNE_TUNE_SEX_EDU_MTS_NB","Unemployment by sex, education and marital status (thousands)",228
"UNE_TUNE_SEX_ECO_NB","Unemployment of previously employed persons by sex and former economic activity (thousands)",229
"UNE_TUNE_SEX_OCU_NB","Unemployment of previously employed persons by sex and former occupation (thousands)",230
"UNE_TUNE_SEX_CAT_NB","Unemployment by sex and categories of unemployed persons (thousands)",231
"UNE_TUN1_SEX_AGE_DUR_NB","Unemployment by sex, age and duration, seasonally adjusted series (thousands)",232
"UNE_TUNE_SEX_AGE_EDU_DT","Unemployment distribution by education (by sex and age) (%)",233
"UNE_TUNE_SEX_AGE_DUR_DT","Unemployment distribution by duration (by sex and age) (%)",234
"UNE_TUN1_SEX_AGE_NB","Unemployment by sex and age, seasonally adjusted series (thousands)",235
"UNE_DEAP_SEX_AGE_RT","Unemployment rate by sex and age (%)",236
"UNE_DEAP_SEX_DSB_RT","Unemployment rate by sex and disability status (%)",237
"UNE_DEAP_SEX_AGE_EDU_RT","Unemployment rate by sex, age and education (%)",238
"UNE_DEAP_SEX_AGE_GEO_RT","Unemployment rate by sex, age and rural / urban areas (%)",239
"UNE_DEAP_SEX_AGE_MTS_RT","Unemployment rate by sex, age and marital status (%)",240
"UNE_DEAP_SEX_MTS_RT","Unemployment rate by sex and marital status (%)",241
"UNE_DEAP_SEX_EDU_GEO_RT","Unemployment rate by sex, education and rural / urban areas (%)",242
"UNE_DEAP_SEX_EDU_MTS_RT","Unemployment rate by sex, education and marital status (%)",243
"UNE_DEA1_SEX_AGE_RT","Unemployment rate by sex and age, seasonally adjusted series (%)",244
"LUU_XLU2_SEX_AGE_RT","Combined rate of time-related underemployment and unemployment (LU2) by sex and age (%)",245
"LUU_XLU2_SEX_AGE_GEO_RT","Combined rate of time-related underemployment and unemployment (LU2) by sex, age and rural / urban areas (%)",246
"LUU_XLU2_SEX_AGE_MTS_RT","Combined rate of time-related underemployment and unemployment (LU2) by sex, age and marital status (%)",247
"LUU_XLU2_SEX_EDU_GEO_RT","Combined rate of time-related underemployment and unemployment (LU2) by sex, education and rural / urban areas (%)",248
"LUU_XLU2_SEX_EDU_MTS_RT","Combined rate of time-related underemployment and unemployment (LU2) by sex, education and marital status (%)",249
"LUU_XLU3_SEX_AGE_RT","Combined rate of unemployment and potential labour force (LU3) by sex and age (%)",250
"LUU_XLU3_SEX_AGE_GEO_RT","Combined rate of unemployment and potential labour force (LU3) by sex, age and rural / urban areas (%)",251
"LUU_XLU3_SEX_AGE_MTS_RT","Combined rate of unemployment and potential labour force (LU3) by sex, age and marital status (%)",252
"LUU_XLU3_SEX_EDU_GEO_RT","Combined rate of unemployment and potential labour force (LU3) by sex, education and rural / urban areas (%)",253
"LUU_XLU3_SEX_EDU_MTS_RT","Combined rate of unemployment and potential labour force (LU3) by sex, education and marital status (%)",254
"LUU_XLU4_SEX_AGE_RT","Composite rate of labour underutilization (LU4) by sex and age (%)",255
"LUU_XLU4_SEX_AGE_GEO_RT","Composite rate of labour underutilization (LU4) by sex, age and rural / urban areas (%)",256
"LUU_XLU4_SEX_AGE_MTS_RT","Composite rate of labour underutilization (LU4) by sex, age and marital status (%)",257
"LUU_XLU4_SEX_EDU_GEO_RT","Composite rate of labour underutilization (LU4) by sex, education and rural / urban areas (%)",258
"LUU_XLU4_SEX_EDU_MTS_RT","Composite rate of labour underutilization (LU4) by sex, education and marital status (%)",259
"EIP_WDIS_SEX_AGE_NB","Discouraged job-seekers by sex and age (thousands)",260
"EIP_WDIS_SEX_AGE_GEO_NB","Discouraged job-seekers by sex, age and rural / urban areas (thousands)",261
"EIP_WDIS_SEX_AGE_MTS_NB","Discouraged job-seekers by sex, age and marital status (thousands)",262
"EIP_WDIS_SEX_EDU_GEO_NB","Discouraged job-seekers by sex, education and rural / urban areas (thousands)",263
"EIP_WDIS_SEX_EDU_MTS_NB","Discouraged job-seekers by sex, education and marital status (thousands)",264
"EIP_WPLF_SEX_AGE_GEO_NB","Potential labour force by sex, age and rural / urban areas (thousands)",265
"EIP_WPLF_SEX_AGE_MTS_NB","Potential labour force by sex, age and marital status (thousands)",266
"EIP_WPLF_SEX_EDU_GEO_NB","Potential labour force by sex, education and rural / urban areas (thousands)",267
"EIP_WPLF_SEX_EDU_MTS_NB","Potential labour force by sex, education and marital status (thousands)",268
"EIP_WPLF_SEX_AGE_NB","Potential labour force by sex and age (thousands)",269
"EIP_TEIP_SEX_AGE_NB","Persons outside the labour force by sex and age (thousands)",270
"EIP_TEIP_SEX_AGE_EDU_NB","Persons outside the labour force by sex, age and education (thousands)",271
"EIP_TEIP_SEX_AGE_GEO_NB","Persons outside the labour force by sex, age and rural / urban areas (thousands)",272
"EIP_TEIP_SEX_AGE_MTS_NB","Persons outside the labour force by sex, age and marital status (thousands)",273
"EIP_TEIP_SEX_MTS_NB","Persons outside the labour force by sex and marital status (thousands)",274
"EIP_TEIP_SEX_EDU_GEO_NB","Persons outside the labour force by sex, education and rural / urban areas (thousands)",275
"EIP_TEIP_SEX_EDU_MTS_NB","Persons outside the labour force by sex, education and marital status (thousands)",276
"EIP_DWAP_SEX_AGE_RT","Inactivity rate by sex and age (%)",277
"EIP_DWAP_SEX_AGE_EDU_RT","Inactivity rate by sex, age and education (%)",278
"EIP_DWAP_SEX_AGE_GEO_RT","Inactivity rate by sex, age and rural / urban areas (%)",279
"EIP_DWAP_SEX_AGE_MTS_RT","Inactivity rate by sex, age and marital status (%)",280
"EIP_DWAP_SEX_EDU_GEO_RT","Inactivity rate by sex, education and rural / urban areas (%)",281
"EIP_DWAP_SEX_EDU_MTS_RT","Inactivity rate by sex, education and marital status (%)",282
"EIP_NEET_SEX_NB","Youth not in employment, education or training (NEET) by sex (thousands)",283
"EIP_NEET_SEX_GEO_NB","Youth not in employment, education or training (NEET) by sex and rural / urban areas (thousands)",284
"EIP_NEET_SEX_MTS_NB","Youth not in employment, education or training (NEET) by sex and marital status (thousands)",285
"EIP_NEET_SEX_GEO_RT","Share of youth not in employment, education or training (NEET) by sex and rural / urban areas (%)",286
"EIP_NEET_SEX_MTS_RT","Share of youth not in employment, education or training (NEET) by sex and marital status (%)",287
"EIP_NEET_SEX_RT","Share of youth not in employment, education or training (NEET) by sex (%)",288
"TRU_3TRU_SEX_AGE_GEO_NB","Youth time-related underemployment by sex, age and rural / urban areas (thousands)",289
"UNE_3UNE_SEX_AGE_GEO_NB","Youth unemployment by sex, age and rural / urban areas (thousands)",290
"UNE_3UNE_SEX_AGE_EDU_NB","Youth unemployment by sex, age and education (thousands)",291
"UNE_3UNE_SEX_AGE_STU_NB","Youth unemployment by sex, age and school attendance status (thousands)",292
"UNE_3UNE_SEX_AGE_CAT_NB","Youth unemployment by sex, age and categories of unemployed persons (thousands)",293
"UNE_3UNE_SEX_AGE_DUR_NB","Youth unemployment by sex, age and duration (thousands)",294
"UNE_3EAP_SEX_AGE_GEO_RT","Youth unemployment rate by sex, age and rural / urban areas (%)",295
"UNE_3EAP_SEX_AGE_EDU_RT","Youth unemployment rate by sex, age and education (%)",296
"UNE_3EAP_SEX_AGE_STU_RT","Youth unemployment rate by sex, age and school attendance status (%)",297
"UNE_3WAP_SEX_AGE_STU_RT","Youth unemployment-to-population ratio by sex, age and school attendance status (%)",298
"EIP_3EIP_SEX_AGE_GEO_NB","Youth outside the labour force by sex, age and rural / urban areas (thousands)",299
"EIP_3EIP_SEX_AGE_EDU_NB","Youth outside the labour force by sex, age and education (thousands)",300
"EIP_3EIP_SEX_AGE_STU_NB","Youth outside the labour force by sex, age and school attendance status (thousands)",301
"EIP_3DIS_SEX_AGE_GEO_NB","Youth discouraged job-seekers by sex, age and rural / urban areas (thousands)",302
"EIP_3WAP_SEX_AGE_GEO_RT","Youth inactivity rate by sex, age and rural / urban areas (%)",303
"EIP_3WAP_SEX_AGE_EDU_RT","Youth inactivity rate by sex, age and education (%)",304
"EIP_3WAP_SEX_AGE_STU_RT","Youth inactivity rate by sex, age and school attendance status (%)",305
"FOW_TVOL_SEX_VOL_NB","Number of volunteers by sex and type of volunteer work (thousands)",306
"FOW_TVOL_AGE_VOL_NB","Number of volunteers by age and type of volunteer work (thousands)",307
"FOW_TVOL_SEX_VOL_RT","Volunteer rate by sex and type of volunteer work (%)",308
"FOW_TVOL_AGE_VOL_RT","Volunteer rate by age and type of volunteer work (%)",309
"HOW_2LSS_NOC_RT","Working hours lost due to the COVID-19 crisis -- ILO modelled estimates (%)",310
"HOW_2FTE_JOB_NB","Working hours lost due to the COVID-19 crisis expressed as number of FTE jobs -- ILO modelled estimates (thousands)",311
"HOW_2TOT_NOC_NB","Total weekly hours worked of employed persons -- ILO modelled estimates (thousands)",312
"HOW_2TDP_NOC_RT","Ratio of total weekly hours worked to population aged 15-64 -- ILO modelled estimates",313
"HOW_TEMP_SEX_ECO_GEO_NB","Mean weekly hours actually worked per employed person by sex, economic activity and rural / urban areas",314
"HOW_TEMP_SEX_ECO_MTS_NB","Mean weekly hours actually worked per employed person by sex, economic activity and marital status",315
"HOW_TEMP_SEX_OCU_GEO_NB","Mean weekly hours actually worked per employed person by sex, occupation and rural / urban areas",316
"HOW_TEMP_SEX_OCU_MTS_NB","Mean weekly hours actually worked per employed person by sex, occupation and marital status",317
"HOW_TEMP_SEX_EC2_NB","Mean weekly hours actually worked per employed person by sex and economic activity - ISIC level 2",318
"HOW_TEMP_SEX_ECO_NB","Mean weekly hours actually worked per employed person by sex and economic activity",319
"HOW_TEMP_SEX_OCU_NB","Mean weekly hours actually worked per employed person by sex and occupation",320
"HOW_TEMP_SEX_OC2_NB","Mean weekly hours actually worked per employed person by sex and occupation - ISCO level 2",321
"HOW_UEMP_SEX_NB","Mean weekly hours usually worked per employed person by sex",322
"HOW_XEES_SEX_EC2_NB","Mean weekly hours actually worked per employee by sex and economic activity - ISIC level 2",323
"HOW_XEES_SEX_ECO_NB","Mean weekly hours actually worked per employee by sex and economic activity",324
"HOW_XEES_SEX_OCU_NB","Mean weekly hours actually worked per employee by sex and occupation",325
"HOW_XEES_SEX_OC2_NB","Mean weekly hours actually worked per employee by sex and occupation - ISCO level 2",326
"HOW_UEES_SEX_NB","Mean weekly hours usually worked per employee by sex",327
"GED_PHOW_SEX_HHT_CHL_NB","Mean weekly hours actually worked of prime-age employed persons by sex, household type and presence of children",328
"GED_PHOW_SEX_HHT_GEO_NB","Mean weekly hours actually worked of prime-age employed persons by sex, household type and rural / urban areas",329
"SDG_0851_SEX_OCU_NB","SDG indicator 8.5.1 - Average hourly earnings of employees by sex (Local currency)",330
"SDG_1041_NOC_RT","SDG indicator 10.4.1 - Labour income share as a percent of GDP (%)",331
"LAP_2GDP_NOC_RT","Labour income share as a percent of GDP -- ILO modelled estimates, July 2019 (%)",332
"LAP_2LID_QTL_DT","Labour income distribution -- ILO modelled estimates, July 2019 (%)",333
"EAR_4MTH_SEX_ECO_CUR_NB","Mean nominal monthly earnings of employees by sex and economic activity",334
"EAR_XEES_SEX_ECO_NB","Mean nominal monthly earnings of employees by sex and economic activity (local currency)",335
"EAR_4MTH_SEX_OCU_CUR_NB","Mean nominal monthly earnings of employees by sex and occupation",336
"EAR_4MMN_CUR_NB","Statutory nominal gross monthly minimum wage",337
"EAR_4HRL_SEX_OCU_CUR_NB","Mean nominal hourly earnings of employees by sex and occupation",338
"EAR_XTLP_SEX_RT","Low pay rate by sex (%)",339
"EAR_XFLS_NOC_RT","Female share of low pay earners (%)",340
"EAR_GGAP_OCU_RT","Gender wage gap by occupation (%)",341
"GED_PEAR_SEX_HHT_CHL_NB","Average monthly earnings of prime-age employees by sex, household type and presence of children (local currency)",342
"GED_PEAR_SEX_HHT_GEO_NB","Average monthly earnings of prime-age employees by sex, household type and rural / urban areas (local currency)",343
"LAC_4HRL_ECO_CUR_NB","Mean nominal hourly labour cost per employee by economic activity",344
"SDG_B821_NOC_RT","SDG indicator 8.2.1 - Annual growth rate of output per worker (GDP constant 2011 international $ in PPP) (%)",345
"SDG_A821_NOC_RT","SDG indicator 8.2.1 - Annual growth rate of output per worker (GDP constant 2010 US $) (%)",346
"GDP_211P_NOC_NB","Output per worker (GDP constant 2011 international $ in PPP) -- ILO modelled estimates, Nov. 2020",347
"GDP_205U_NOC_NB","Output per worker (GDP constant 2010 US $) -- ILO modelled estimates, Nov. 2020",348
"INJ_DAYS_SEX_MIG_NB","Days lost due to cases of occupational injury with temporary incapacity for work by sex and migrant status",349
"INJ_DAYS_ECO_NB","Days lost due to cases of occupational injury with temporary incapacity for work by economic activity",350
"INJ_FATL_SEX_MIG_NB","Cases of fatal occupational injury by sex and migrant status",351
"INJ_FATL_ECO_NB","Cases of fatal occupational injury by economic activity",352
"INJ_NFTL_SEX_MIG_NB","Cases of non-fatal occupational injury by sex and migrant status",353
"INJ_NFTL_ECO_NB","Cases of non-fatal occupational injury by economic activity",354
"INJ_NFTL_INJ_ECO_NB","Cases of non-fatal occupational injury by type of incapacity and economic activity",355
"INJ_NFTL_SEX_INJ_MIG_NB","Cases of non-fatal occupational injury by sex, type of incapacity and migrant status",356
"INJ_FATL_SEX_MIG_RT","Fatal occupational injuries per 100'000 workers by sex and migrant status",357
"INJ_FATL_ECO_RT","Fatal occupational injuries per 100'000 workers by economic activity",358
"INJ_NFTL_SEX_MIG_RT","Non-fatal occupational injuries per 100'000 workers by sex and migrant status",359
"INJ_NFTL_ECO_RT","Non-fatal occupational injuries per 100'000 workers by economic activity",360
"LAI_WOPL_NOC_NB","Registered workplaces that could be selected for labour inspection",361
"LAI_INSP_SEX_NB","Number of labour inspectors by sex (thousands)",362
"LAI_VIST_NOC_NB","Number of labour inspection visits to workplaces during the year",363
"LAI_INDE_NOC_RT","Inspectors per 10'000 employed persons",364
"LAI_VDIN_NOC_RT","Labour inspection visits per inspector",365
"SDG_N881_SEX_MIG_RT","SDG indicator 8.8.1 - Non-fatal occupational injuries per 100'000 workers",366
"SDG_F881_SEX_MIG_RT","SDG indicator 8.8.1 - Fatal occupational injuries per 100'000 workers",367
"SDG_0882_NOC_RT","SDG indicator 8.8.2 - Level of national compliance with labour rights (freedom of association and collective bargaining) based on ILO textual sources and national legislation",368
"ILR_TUMT_NOC_RT","Trade union density rate (%)",369
"ILR_CBCT_NOC_RT","Collective bargaining coverage rate (%)",370
"STR_TSTR_ECO_NB","Number of strikes and lockouts by economic activity",371
"STR_DAYS_ECO_NB","Days not worked due to strikes and lockouts by economic activity",372
"STR_WORK_ECO_NB","Workers involved in strikes and lockouts by economic activity (thousands)",373
"STR_DAYS_ECO_RT","Days not worked per 1000 workers due to strikes and lockouts by economic activity (per 1000 workers)",374
"MST_XWAP_SEX_AGE_CBR_NB","Working-age population by sex, age and place of birth (thousands)",375
"MST_XWAP_SEX_AGE_CCT_NB","Working-age population by sex, age and citizenship (thousands)",376
"MST_XWAP_SEX_EDU_CBR_NB","Working-age population by sex, education and place of birth (thousands)",377
"MST_XWAP_SEX_EDU_CCT_NB","Working-age population by sex, education and citizenship (thousands)",378
"MNA_TPOP_SEX_CRS_NB","Stock of nationals abroad by sex and country of residence (thousands)",379
"MFL_FPOP_SEX_CBR_NB","Inflow of foreign-born working-age population by sex and country of birth (in thousands)",380
"MFL_NCIT_SEX_CCT_NB","Inflow of working-age non-citizens by sex and country of citizenship (in thousands)",381
"MFL_FWAP_SEX_EDU_NB","Inflow of foreign-born working-age population by sex and education (in thousands)",382
"MFL_NWAP_SEX_EDU_NB","Inflow of working-age non-citizens by sex and education (in thousands)",383
"MNA_XRET_SEX_CPR_NB","Inflow of nationals returned from abroad by sex and country of previous residence (thousands)",384
"MFL_FEMP_SEX_ECO_NB","Inflow of foreign-born employed persons by sex and economic activity (in thousands)",385
"MST_FORP_SEX_CBR_NB","Foreign-born working-age population by sex and country of birth (in thousands)",386
"MFL_NEMP_SEX_ECO_NB","Inflow of employed non-citizens by sex and economic activity (in thousands)",387
"MFL_FEMP_SEX_OCU_NB","Inflow of foreign-born employed persons by sex and occupation (in thousands)",388
"MFL_NEMP_SEX_OCU_NB","Inflow of employed non-citizens by sex and occupation (in thousands)",389
"MNA_OPOP_SEX_CDS_NB","Outflow of nationals by sex and country of destination (thousands)",390
"MST_NCTP_SEX_CCT_NB","Non-citizen working-age population by sex and country of citizenship (in thousands)",391
"MST_TEAP_SEX_AGE_CBR_NB","Labour force by sex, age and place of birth (thousands)",392
"MST_TEAP_SEX_AGE_CCT_NB","Labour force by sex, age and citizenship (thousands)",393
"MST_TEAP_SEX_AGE_CBR_RT","Labour force participation rate by sex, age and place of birth (%)",394
"MST_TEAP_SEX_AGE_CCT_RT","Labour force participation rate by sex, age and citizenship (%)",395
"MST_TEMP_SEX_AGE_CBR_NB","Employment by sex, age and place of birth (thousands)",396
"MST_TEMP_SEX_AGE_CCT_NB","Employment by sex, age and citizenship (thousands)",397
"MST_TEMP_SEX_ECO_CBR_NB","Employment by sex, economic activity and place of birth (thousands)",398
"MST_TEMP_SEX_ECO_CCT_NB","Employment by sex, economic activity and citizenship (thousands)",399
"MST_TEMP_SEX_OCU_CBR_NB","Employment by sex, occupation and place of birth (thousands)",400
"MST_TEMP_SEX_OCU_CCT_NB","Employment by sex, occupation and citizenship (thousands)",401
"MST_TEMP_SEX_STE_CBR_NB","Employment by sex, status in employment and place of birth (thousands)",402
"MST_TEMP_SEX_STE_CCT_NB","Employment by sex, status in employment and citizenship (thousands)",403
"MST_TEMP_SEX_AGE_CBR_RT","Employment-to-population ratio by sex, age and place of birth (%)",404
"MST_TEMP_SEX_AGE_CCT_RT","Employment-to-population ratio by sex, age and citizenship (%)",405
"MST_TEMP_SEX_CBR_ECO_DT","Employment distribution by economic activity (by sex and place of birth) (%)",406
"MST_TEMP_SEX_CCT_ECO_DT","Employment distribution by economic activity (by sex and citizenship) (%)",407
"MST_TEMP_SEX_CBR_OCU_DT","Employment distribution by occupation (by sex and place of birth) (%)",408
"MST_TEMP_SEX_CCT_OCU_DT","Employment distribution by occupation (by sex and citizenship) (%)",409
"MST_TEMP_SEX_CBR_STE_DT","Employment distribution by status in employment (by sex and place of birth) (%)",410
"MST_TEMP_SEX_CCT_STE_DT","Employment distribution by status in employment (by sex and citizenship) (%)",411
"MST_FORE_SEX_CBR_NB","Employed foreign-born persons by sex and country of birth (in thousands)",412
"MST_NCTE_SEX_CCT_NB","Employed non-citizens by sex and country of citizenship (in thousands)",413
"MNA_OEMP_SEX_CDS_NB","Outflow of nationals for employment by sex and country of destination (thousands)",414
"MNA_OEMP_SEX_EDU_NB","Outflow of nationals for employment by sex and education (thousands)",415
"MNA_OEMP_SEX_ECO_NB","Outflow of nationals for employment by sex and economic activity (thousands)",416
"MNA_OEMP_SEX_OCU_NB","Outflow of nationals for employment by sex and occupation (thousands)",417
"MST_TUNE_SEX_AGE_CBR_NB","Unemployment by sex, age and place of birth (in thousands)",418
"MST_TUNE_SEX_AGE_CCT_NB","Unemployment by sex, age and citizenship (in thousands)",419
"MST_TUNE_SEX_AGE_CBR_RT","Unemployment rate by sex, age and place of birth (%)",420
"MST_TUNE_SEX_AGE_CCT_RT","Unemployment rate by sex, age and citizenship (%)",421
"MST_EARA_SEX_CBR_NB","Mean nominal monthly earnings of employees by sex and place of birth (local currency)",422
"MST_EARA_SEX_CCT_NB","Mean nominal monthly earnings of employees by sex and citizenship (local currency)",423
"MST_TEIP_SEX_AGE_CBR_NB","Persons outside the labour force by sex, age and place of birth (in thousands)",424
"MST_TEIP_SEX_AGE_CCT_NB","Persons outside the labour force by sex, age and citizenship (in thousands)",425
"SDG_B871_SEX_AGE_RT","SDG indicator 8.7.1 - Proportion of children engaged in economic activity and household chores (%)",426
"SDG_A871_SEX_AGE_RT","SDG indicator 8.7.1 - Proportion of children engaged in economic activity (%)",427
"CPI_NCPD_COI_RT","National consumer price index (CPI) by COICOP, percentage change from previous period (%)",428
"CPI_NCYR_COI_RT","National consumer price index (CPI) by COICOP, percentage change from previous year (%)",429
"CPI_NWGT_COI_DT","National consumer price index (CPI) by COICOP, country weights",430
"CPI_ACPI_COI_RT","National consumer price index (CPI), annual rate of change - discontinued (%)",431
"CPI_MCPI_COI_RT","National consumer price index (CPI), monthly rate of change - discontinued (%)",432
